id,status,flags,dup_of,meta_age_years,meta_sex,meta_height_m,meta_weight_kg,dim_vox,spacing_mm,extent_mm,z_extent_mm,bone_frac,bones_central_slice,foot_file,foot_size_MB,foot_hash,seconds,input_origin,meta_smir_name,meta_description,xy_mm,internal_air,qc_anatomy
z001,ok,,,75.9,M,1.8,87.0,,,,,,,z001_foot.nii.gz,,4ce138abfe3ac7f4950379bccb32bd59,,,SMIR.Body.076Y.M.CT.57608,VSD Full Body (no Head) z 001,180,0.0,OK
z002,ok,,,57.0,M,1.77,49.1,,,,,,,z002_foot.nii.gz,,9a30b93aaa5e22e4e0cdaa194c5b16a6,,,SMIR.Body.057Y.M.CT.57609,VSD Full Body (no Head) z 002,222,0.0,OK
z003,ok,,,65.0,O,1.77,66.8,,,,,,,z003_foot.nii.gz,,caf1a17cbed36948cf54a413800592ec,,,SMIR.Body.065Y.O.CT.57611,VSD Full Body (no Head) z 003,233,0.006,OK
z004,ok,,,65.0,M,1.77,82.3,,,,,,,z004_foot.nii.gz,,90394000c5310cf35470f6ac77b7198d,,,SMIR.Body.065Y.M.CT.57694,VSD Full Body (no Head) z 004,232,0.0,OK
z005,ok,,,65.0,M,1.82,100.5,,,,,,,z005_foot.nii.gz,,e079acad8b13e312f9404a85b51af28d,,,SMIR.Body.065Y.M.CT.57612,VSD Full Body (no Head) z 005,214,0.0,OK
z006,ok,,,37.0,M,1.95,88.5,,,,,,,z006_foot.nii.gz,,664a15860997b59211c3630e5beebd3c,,,SMIR.Body.037Y.M.CT.57613,VSD Full Body (no Head) z 006,182,0.0,OK
z007,ok,,,59.0,M,1.83,95.85,,,,,,,z007_foot.nii.gz,,466489cc3daf13aeb1d9c371710afa04,,,SMIR.Body.059Y.M.CT.57695,VSD Full Body (no Head) z 007,193,0.004,OK
z008,ok,,,74.9,M,,,,,,,,,z008_foot.nii.gz,,489dbc83885e4b10e07988db06057de6,,,SMIR.Body.075Y.M.CT.57696,VSD Full Body (no Head) z 008,159,0.0,OK
z009,ok,,,25.0,M,1.75,74.0,,,,,,,z009_foot.nii.gz,,31a362f90ded5084361d3543879610e9,,,SMIR.Body.025Y.M.CT.57697,VSD Full Body (no Head) z 009,200,0.0,OK
z010,ok,,,68.0,F,1.73,84.7,,,,,,,z010_foot.nii.gz,,1e614736bab79102582c457bd96bc4fe,,,SMIR.Body.068Y.F.CT.57700,VSD Full Body (no Head) z 010,178,0.0,OK
z011,ok,,,83.9,M,1.67,73.4,,,,,,,z011_foot.nii.gz,,08d9263aaa13adfa227e42ca42aa5153,,,SMIR.Body.084Y.M.CT.58321,VSD Full Body (no Head) z 011,435,0.002,WRONG_ANATOMY(trunk/leg)
z012,ok,,,31.0,M,1.8,69.4,,,,,,,z012_foot.nii.gz,,2e56544b0515d97e3311f487e101c00d,,,SMIR.Body.031Y.M.CT.59692,VSD Full Body (no Head) z 012,190,0.0,OK
z013,ok,,,41.0,F,1.65,56.3,,,,,,,z013_foot.nii.gz,,8c85a6521de0aa13b4ddb8a685ba8654,,,SMIR.Body.041Y.F.CT.57699,VSD Full Body (no Head) z 013,162,0.0,OK
z015,ok,,,21.0,M,1.81,53.9,,,,,,,z015_foot.nii.gz,,a80e3221bcdf553807fe70f4665f644b,,,SMIR.Body.021Y.M.CT.57761,VSD Full Body (no Head) z 015,232,0.0,OK
z016,ok,,,33.0,M,1.74,69.3,,,,,,,z016_foot.nii.gz,,cd204088c57eccf50955c2aea2d5ac77,,,SMIR.Body.033Y.M.CT.57764,VSD Full Body (no Head) z 016,207,0.0,OK
z017,ok,,,52.0,M,1.82,92.2,,,,,,,z017_foot.nii.gz,,3e1960105c4500109d9c84ec406c3288,,,SMIR.Body.052Y.M.CT.57765,VSD Full Body (no Head) z 017,267,0.0,OK
z018,"ERROR: Exception thrown in SimpleITK ImageFileReader_Execute: D:\a\SimpleITK\SimpleITK\bld\ITK\Modules\IO\NIFTI\src\itkNiftiImageIO.cxx:597:
ITK ERROR: NiftiImageIO(000001757DE5CA80): nifti_image_load failed for file: <local path>",,,33.0,M,1.75,53.3,,,,,,,,,,,,SMIR.Body.033Y.M.CT.57766,VSD Full Body (no Head) z 018,,,
z019,ok,OK,,58.0,M,1.81,71.3,150x163x421,1.16x1.16x0.50,174x189x210,210.5,0.0331,27,z019_foot.nii.gz,,93ef9ecd9c50a92308483cf39dfc1c38,,,SMIR.Body.058Y.M.CT.57767,VSD Full Body (no Head) z 019,182,0.0,OK
z020,ok,OK,,40.0,M,1.7,67.5,123x185x421,1.16x1.16x0.50,142x214x210,210.5,0.0385,20,z020_foot.nii.gz,,c18365728a2a61e646eddb6d5f1e5214,,,SMIR.Body.040Y.M.CT.57768,VSD Full Body (no Head) z 020,207,0.0,OK
z021,ok,OK,,49.0,M,1.84,108.0,109x152x421,1.27x1.27x0.50,138x193x210,210.5,0.0424,4,z021_foot.nii.gz,,b0630aebb5a3b1c035aa65cbf8efe4ca,,,SMIR.Body.049Y.M.CT.57791,VSD Full Body (no Head) z 021,192,0.001,OK
z022,ok,OK,,53.0,M,1.69,79.5,380x196x841,1.27x1.27x0.25,482x249x210,210.2,0.0364,36,z022_foot.nii.gz,,f31fe546825de46e5f432c4feb1ef69d,,,SMIR.Body.053Y.M.CT.58322,VSD Full Body (no Head) z 022,481,0.003,WRONG_ANATOMY(trunk/leg)
z023,ok,OK,,47.0,F,1.66,61.0,109x179x421,1.04x1.04x0.50,113x185x210,210.5,0.047,1,z023_foot.nii.gz,,97fd6026acedcf2406bc77df4207c20c,,,SMIR.Body.047Y.F.CT.57792,VSD Full Body (no Head) z 023,180,0.0,OK
z024,ok,OK;DUPLICATE,z013,57.0,F,1.66,44.6,129x116x421,1.27x1.27x0.50,164x147x210,210.5,0.0174,17,z024_foot.nii.gz,,8c85a6521de0aa13b4ddb8a685ba8654,,,SMIR.Body.057Y.F.CT.57793,VSD Full Body (no Head) z 024,162,0.0,OK
z025,ok,OK,,94.9,M,1.7,54.4,227x221x421,0.98x0.98x0.50,222x216x210,210.5,0.0187,24,z025_foot.nii.gz,,bcdc263c3c40042a080e1a9c82160ae1,,,SMIR.Body.095Y.M.CT.57794,VSD Full Body (no Head) z 025,216,0.0,OK
z026,ok,OK,,73.0,M,1.73,90.0,153x135x421,1.27x1.27x0.50,194x171x210,210.5,0.0364,21,z026_foot.nii.gz,,f3afc07c6f1a751d089027e20e593c51,,,SMIR.Body.073Y.M.CT.57795,VSD Full Body (no Head) z 026,188,0.0,OK
z027,ok,OK,,37.0,F,1.69,51.5,125x145x421,1.27x1.27x0.50,159x184x210,210.5,0.0313,6,z027_foot.nii.gz,,ba5e101297b0ad3a6aae0d99923b899e,,,SMIR.Body.037Y.F.CT.57796,VSD Full Body (no Head) z 027,173,0.0,OK
z028,ok,OK,,61.0,M,1.74,85.0,135x151x421,1.27x1.27x0.50,171x192x210,210.5,0.0344,9,z028_foot.nii.gz,,c6eab0520d53db9d83ded413f54ace8b,,,SMIR.Body.061Y.M.CT.57797,VSD Full Body (no Head) z 028,185,0.0,OK
z029,ok,OK,,62.0,M,,,166x137x421,1.27x1.27x0.50,211x174x210,210.5,0.0552,16,z029_foot.nii.gz,,e328f17035ccb9e7547ae5aaf23dc745,,,SMIR.Body.062Y.M.CT.57798,VSD Full Body (no Head) z 029,209,0.0,OK
z030,ok,OK,,30.0,F,1.68,50.45,186x126x421,1.27x1.27x0.50,236x160x210,210.5,0.047,9,z030_foot.nii.gz,,994def8e40c7ca5c95ef8549539bc465,,,SMIR.Body.030Y.F.CT.59466,VSD Full Body (no Head) z 030,220,0.0,OK
z031,ok,OK,,45.0,M,1.94,94.0,100x230x421,0.98x0.98x0.50,98x225x210,210.5,0.0679,6,z031_foot.nii.gz,,1b8a0177cafabac2e96f2e642f47f934,,,SMIR.Body.045Y.M.CT.59467,VSD Full Body (no Head) z 031,217,0.0,OK
z032,ok,OK,,58.0,M,1.76,111.0,150x93x421,1.37x1.37x0.50,205x127x210,210.5,0.0477,4,z032_foot.nii.gz,,635879cf064aa047f84c61950dbaecd7,,,SMIR.Body.058Y.M.CT.59468,VSD Full Body (no Head) z 032,204,0.0,OK
z033,ok,OK,,86.9,M,1.64,72.6,173x132x421,1.27x1.27x0.50,220x168x210,210.5,0.0265,22,z033_foot.nii.gz,,f2a311ee9999b72765a4b15c586ab250,,,SMIR.Body.087Y.M.CT.59469,VSD Full Body (no Head) z 033,218,0.0,OK
z034,ok,OK;DUPLICATE,z031,45.0,M,1.94,94.0,100x230x421,0.98x0.98x0.50,98x225x210,210.5,0.0679,6,z034_foot.nii.gz,,1b8a0177cafabac2e96f2e642f47f934,,,SMIR.Body.045Y.M.CT.59470,VSD Full Body (no Head) z 034,217,0.0,OK
z035,ok,OK;DUPLICATE,z030,30.0,F,1.68,50.45,186x126x421,1.27x1.27x0.50,236x160x210,210.5,0.047,9,z035_foot.nii.gz,,994def8e40c7ca5c95ef8549539bc465,,,SMIR.Body.030Y.F.CT.59471,VSD Full Body (no Head) z 035,220,0.0,OK
z036,ok,OK;DUPLICATE,z029,62.0,M,,,166x137x421,1.27x1.27x0.50,211x174x210,210.5,0.0552,16,z036_foot.nii.gz,,e328f17035ccb9e7547ae5aaf23dc745,,,SMIR.Body.062Y.M.CT.59472,VSD Full Body (no Head) z 036,209,0.0,OK
z037,ok,OK,,37.0,M,1.75,60.0,125x186x421,1.04x1.04x0.50,129x193x210,210.5,0.0409,11,z037_foot.nii.gz,,8e308606a7ee9b3b11f27cae337a86e3,,,SMIR.Body.037Y.M.CT.59473,VSD Full Body (no Head) z 037,183,0.0,OK
z038,ok,OK,,56.0,F,1.65,64.35,107x179x421,1.27x1.27x0.50,136x227x210,210.5,0.0216,21,z038_foot.nii.gz,,f98754c56c2b13a27c57ffb5c1897faa,,,SMIR.Body.056Y.F.CT.59474,VSD Full Body (no Head) z 038,220,0.0,OK
z039,ok,OK;DUPLICATE,z038,52.0,M,1.84,65.0,107x179x421,1.27x1.27x0.50,136x227x210,210.5,0.0216,21,z039_foot.nii.gz,,f98754c56c2b13a27c57ffb5c1897faa,,,SMIR.Body.052Y.M.CT.59475,VSD Full Body (no Head) z 039,220,0.0,OK
z040,ok,OK,,45.0,M,1.81,106.0,107x154x421,1.37x1.37x0.50,146x211x210,210.5,0.0366,5,z040_foot.nii.gz,,91f3766582dfb7924840408c5446d068,,,SMIR.Body.045Y.M.CT.59476,VSD Full Body (no Head) z 040,204,0.0,OK
z041,ok,OK,,25.0,M,1.7,68.0,143x195x421,1.04x1.04x0.50,148x202x210,210.5,0.0456,16,z041_foot.nii.gz,,87be79ce2cbaf52b93de1ccf6c81d34a,,,SMIR.Body.025Y.M.CT.59477,VSD Full Body (no Head) z 041,196,0.0,OK
z042,ok,OK,,61.0,F,1.69,53.4,187x163x421,1.01x1.01x0.50,189x165x210,210.5,0.0297,25,z042_foot.nii.gz,,f71210d73c3aa6b0b98fea24fda53075,,,SMIR.Body.061Y.F.CT.59478,VSD Full Body (no Head) z 042,188,0.0,OK
z043,ok,OK,,74.9,F,1.54,55.0,104x125x421,1.27x1.27x0.50,132x159x210,210.5,0.033,23,z043_foot.nii.gz,,f85a484f3af8b99c76e49a1bb8cda4fd,,,SMIR.Body.075Y.F.CT.59479,VSD Full Body (no Head) z 043,157,0.0,OK
z044,ok,OK,,45.0,M,1.7,58.0,187x173x421,0.99x0.99x0.50,185x171x210,210.5,0.0318,50,z044_foot.nii.gz,,c278c98602982745647f545f243471fd,,,SMIR.Body.045Y.M.CT.59480,VSD Full Body (no Head) z 044,184,0.0,OK
z045,ok,OK,,45.0,M,1.69,86.0,126x138x421,1.00x1.00x0.50,126x138x210,210.5,0.0497,7,z045_foot.nii.gz,,0b407c66daa0d4c7b7a1da39d067efc3,,,SMIR.Body.045Y.M.CT.59481,VSD Full Body (no Head) z 045,132,0.0,OK
z046,ok,OK,,38.0,M,1.8,72.0,369x159x841,1.27x1.27x0.25,468x202x210,210.2,0.0355,48,z046_foot.nii.gz,,3b4ed4c5f0177c5791acce18033025d7,,,SMIR.Body.038Y.M.CT.61174,VSD Full Body (no Head) z 046,467,0.002,WRONG_ANATOMY(trunk/leg)
z047,ok,OK;DUPLICATE,z021,49.0,M,1.84,108.0,109x152x421,1.27x1.27x0.50,138x193x210,210.5,0.0424,4,z047_foot.nii.gz,,b0630aebb5a3b1c035aa65cbf8efe4ca,,,SMIR.Body.049Y.M.CT.59482,VSD Full Body (no Head) z 047,192,0.001,OK
z048,ok,OK,,57.0,M,1.77,49.0,113x249x421,0.92x0.92x0.50,104x228x210,210.5,0.0345,16,z048_foot.nii.gz,,f2a9591f920b5832a9380a6b031a3771,,,SMIR.Body.057Y.M.CT.59483,VSD Full Body (no Head) z 048,222,0.0,OK
z049,ok,OK,,34.0,F,1.79,87.0,124x164x421,1.27x1.27x0.50,157x208x210,210.5,0.037,14,z049_foot.nii.gz,,b15501e53deea0730a67a69de2355a77,,,SMIR.Body.034Y.F.CT.59504,VSD Full Body (no Head) z 049,202,0.0,OK
z050,ok,OK,,83.9,M,1.67,73.4,405x209x841,1.08x1.08x0.25,436x225x210,210.2,0.0332,117,z050_foot.nii.gz,,4d73a4fb93c2583d4d0dcbda83de9bc6,,,SMIR.Body.084Y.M.CT.61175,VSD Full Body (no Head) z 050,435,0.002,WRONG_ANATOMY(trunk/leg)
z051,ok,OK;DUPLICATE,z010,68.0,F,1.73,84.7,88x149x421,1.27x1.27x0.50,112x189x210,210.5,0.0381,4,z051_foot.nii.gz,,1e614736bab79102582c457bd96bc4fe,,,SMIR.Body.068Y.F.CT.59505,VSD Full Body (no Head) z 051,178,0.0,OK
z053,ok,OK;DUPLICATE,z025,57.0,F,1.66,44.6,227x221x421,0.98x0.98x0.50,222x216x210,210.5,0.0187,24,z053_foot.nii.gz,,bcdc263c3c40042a080e1a9c82160ae1,,,SMIR.Body.057Y.F.CT.59693,VSD Full Body (no Head) z 053,216,0.0,OK
z054,ok,OK,,94.9,M,1.7,54.4,294x273x421,0.88x0.88x0.50,257x239x210,210.5,0.0273,411,z054_foot.nii.gz,,0e0fbf318b577e4f1c52a6d50bb5a480,,,SMIR.Body.095Y.M.CT.59694,VSD Full Body (no Head) z 054,256,0.003,OK
z055,ok,OK;DUPLICATE,z026,73.0,M,1.73,73.0,153x135x421,1.27x1.27x0.50,194x171x210,210.5,0.0364,21,z055_foot.nii.gz,,f3afc07c6f1a751d089027e20e593c51,,,SMIR.Body.073Y.M.CT.58320,VSD Full Body (no Head) z 055,188,0.0,OK
z056,ok,OK,,26.0,M,1.87,81.8,120x185x421,1.27x1.27x0.50,152x235x210,210.5,0.0489,21,z056_foot.nii.gz,,962b46980bb896e2c6d3ce765425c48a,,,SMIR.Body.026Y.M.CT.61202,VSD Full Body (no Head) z 056,227,0.0,OK
z057,ok,OK,,74.9,M,,,194x167x421,1.27x1.27x0.50,246x212x210,210.5,0.0217,134,z057_foot.nii.gz,,2d2bc260cda263ebd5f4ee2ad28f6897,,,SMIR.Body.075Y.M.CT.61203,VSD Full Body (no Head) z 057,245,0.028,REVIEW(internal_air)
z058,ok,OK,,36.0,F,1.7,78.0,92x176x421,1.27x1.27x0.50,117x223x210,210.5,0.035,59,z058_foot.nii.gz,,0bbf75d4b15d274e8ff1c88b6ac75b31,,,SMIR.Body.036Y.F.CT.58319,VSD Full Body (no Head) z 058,212,0.003,OK
z060,ok,OK,,65.0,M,1.71,86.0,123x211x421,1.04x1.04x0.50,127x218x210,210.5,0.0497,25,z060_foot.nii.gz,,df8028dc2f0a47e48754d211df33d0e8,,,SMIR.Body.065Y.M.CT.58315,VSD Full Body (no Head) z 060,210,0.0,OK
z061,ok,OK,,39.0,F,1.8,37.4,121x140x421,1.27x1.27x0.50,154x178x210,210.5,0.0316,30,z061_foot.nii.gz,,5ddfa11c18a99471f122ebf00b116908,,,SMIR.Body.039Y.F.CT.58316,VSD Full Body (no Head) z 061,170,0.0,OK
z062,ok,OK,,43.0,M,1.77,76.95,145x144x421,1.27x1.27x0.50,184x183x210,210.5,0.0388,23,z062_foot.nii.gz,,be94e9aa60a43d9d0576432c327d4263,,,SMIR.Body.043Y.M.CT.58317,VSD Full Body (no Head) z 062,183,0.0,OK
z063,ok,OK,,72.0,F,1.72,80.2,127x169x421,1.11x1.11x0.50,141x187x210,210.5,0.0341,15,z063_foot.nii.gz,,ad0db98cda204654ddce0b1768f7cb2c,,,SMIR.Body.072Y.F.CT.58318,VSD Full Body (no Head) z 063,182,0.0,OK
z064,ok,OK,,69.0,M,,,148x215x421,1.07x1.07x0.50,158x230x210,210.5,0.034,46,z064_foot.nii.gz,,2f6244dd02b1792629215f9946a64838,,,SMIR.Body.069Y.M.CT.58314,VSD Full Body (no Head) z 064,222,0.0,OK
z065,ok,OK,,84.9,M,,,115x176x421,1.27x1.27x0.50,146x223x210,210.5,0.0398,146,z065_foot.nii.gz,,408540d848e5909e4a08621e3362884d,,,SMIR.Body.085Y.M.CT.58313,VSD Full Body (no Head) z 065,202,0.003,OK
z066,ok,OK,,48.0,M,,,297x149x421,1.27x1.27x0.50,377x189x210,210.5,0.0378,293,z066_foot.nii.gz,,5cd762cb4f58d509dae18bcf7aef1c83,,,SMIR.Body.048Y.M.CT.58312,VSD Full Body (no Head) z 066,376,0.003,WRONG_ANATOMY(trunk/leg)
